run_ts,env,trade_date,city,series_ticker,event_ticker,pred_tmax_f,spread_f,confidence_score,decision,reason
2026-01-23T16:58:01.930382-05:00,demo,2026-01-24,ny,KXHIGHNY,KXHIGHNY-26JAN24,24.3944,9.7270,0.0000,skip,confidence<0.5;spread>3.0
2026-01-23T16:58:01.930632-05:00,demo,2026-01-24,il,KXHIGHCHI,KXHIGHCHI-26JAN24,9.7016,1.4389,1.0000,trade,
2026-01-23T16:58:02.400502-05:00,demo,2026-01-24,tx,KXHIGHAUS,KXHIGHAUS-26JAN24,54.6093,13.7089,0.0000,skip,confidence<0.5;spread>3.0
2026-01-23T16:58:02.400743-05:00,demo,2026-01-24,fl,KXHIGHMIA,KXHIGHMIA-26JAN24,76.2463,1.2164,1.0000,trade,
2026-01-23T16:58:52.679149-05:00,demo,2026-01-24,ny,KXHIGHNY,KXHIGHNY-26JAN24,19.8475,3.8595,0.0000,skip,confidence<0.5;spread>3.0
2026-01-23T16:58:52.680067-05:00,demo,2026-01-24,il,KXHIGHCHI,KXHIGHCHI-26JAN24,9.0850,0.8287,1.0000,trade,
2026-01-23T16:58:52.924674-05:00,demo,2026-01-24,tx,KXHIGHAUS,KXHIGHAUS-26JAN24,49.5750,10.4018,0.0000,skip,confidence<0.5;spread>3.0
2026-01-23T16:58:52.924900-05:00,demo,2026-01-24,fl,KXHIGHMIA,KXHIGHMIA-26JAN24,75.8850,1.0939,1.0000,trade,
2026-01-23T17:29:39.990988-05:00,demo,2026-01-24,ny,KXHIGHNY,KXHIGHNY-26JAN24,20.0725,4.2422,0.0000,skip,confidence<0.5
2026-01-23T17:29:41.628109-05:00,demo,2026-01-24,il,KXHIGHCHI,KXHIGHCHI-26JAN24,9.0850,0.8287,1.0000,skip,no_qualifying_market
2026-01-23T17:29:41.629226-05:00,demo,2026-01-24,tx,KXHIGHAUS,KXHIGHAUS-26JAN24,49.5250,10.3301,0.0000,skip,confidence<0.5
2026-01-23T17:29:43.229340-05:00,demo,2026-01-24,fl,KXHIGHMIA,KXHIGHMIA-26JAN24,75.8850,1.0939,1.0000,skip,no_qualifying_market
2026-01-23T17:31:01.274741-05:00,demo,2026-01-24,ny,KXHIGHNY,KXHIGHNY-26JAN24,20.0725,4.2422,0.0000,skip,confidence<0.5
2026-01-23T17:31:03.062784-05:00,demo,2026-01-24,il,KXHIGHCHI,KXHIGHCHI-26JAN24,9.0850,0.8287,1.0000,skip,no_qualifying_market
2026-01-23T17:31:03.066796-05:00,demo,2026-01-24,tx,KXHIGHAUS,KXHIGHAUS-26JAN24,49.5250,10.3301,0.0000,skip,confidence<0.5
2026-01-23T17:31:04.710702-05:00,demo,2026-01-24,fl,KXHIGHMIA,KXHIGHMIA-26JAN24,75.8850,1.0939,1.0000,skip,no_qualifying_market
2026-01-23T17:33:16.203655-05:00,demo,2026-01-24,ny,KXHIGHNY,KXHIGHNY-26JAN24,20.0725,4.2422,0.0000,skip,confidence<0.5
2026-01-23T17:33:22.329759-05:00,demo,2026-01-24,il,KXHIGHCHI,KXHIGHCHI-26JAN24,9.0850,0.8287,1.0000,skip,no_qualifying_market;best=KXHIGHCHI-26JAN24-T16;ask=1;spr=0;qty=177;ev=-1.00;px=orderbook
2026-01-23T17:33:22.330981-05:00,demo,2026-01-24,tx,KXHIGHAUS,KXHIGHAUS-26JAN24,49.5250,10.3301,0.0000,skip,confidence<0.5
2026-01-23T17:33:25.035620-05:00,demo,2026-01-24,fl,KXHIGHMIA,KXHIGHMIA-26JAN24,75.9100,1.0951,1.0000,trade,ticker=KXHIGHMIA-26JAN24-T77;ask=1;ev=50.79
2026-01-23T17:37:22.398552-05:00,demo,2026-01-24,ny,KXHIGHNY,KXHIGHNY-26JAN24,20.0725,4.2422,0.0000,skip,confidence<0.5
2026-01-23T17:37:25.093222-05:00,demo,2026-01-24,il,KXHIGHCHI,KXHIGHCHI-26JAN24,9.0850,0.8287,1.0000,skip,no_qualifying_market;best=KXHIGHCHI-26JAN24-T16;ask=1;spr=0;qty=177;ev=-1.00;px=orderbook
2026-01-23T17:37:25.094444-05:00,demo,2026-01-24,tx,KXHIGHAUS,KXHIGHAUS-26JAN24,49.5250,10.3301,0.0000,skip,confidence<0.5
2026-01-23T17:37:27.754273-05:00,demo,2026-01-24,fl,KXHIGHMIA,KXHIGHMIA-26JAN24,75.9100,1.0951,1.0000,trade,ticker=KXHIGHMIA-26JAN24-T77;ask=1;ev=50.79
2026-01-23T18:08:08.859165-05:00,demo,2026-01-24,ny,KXHIGHNY,KXHIGHNY-26JAN24,20.0725,4.2422,0.0000,skip,confidence<0.5
2026-01-23T18:08:11.936440-05:00,demo,2026-01-24,il,KXHIGHCHI,KXHIGHCHI-26JAN24,9.0850,0.8287,1.0000,skip,no_qualifying_market;best=KXHIGHCHI-26JAN24-T16;ask=1;spr=0;qty=177;ev=-1.00;px=orderbook
2026-01-23T18:08:11.937882-05:00,demo,2026-01-24,tx,KXHIGHAUS,KXHIGHAUS-26JAN24,49.4850,10.3660,0.0000,skip,confidence<0.5
2026-01-23T18:08:14.444477-05:00,demo,2026-01-24,fl,KXHIGHMIA,KXHIGHMIA-26JAN24,75.9100,1.0951,1.0000,trade,ticker=KXHIGHMIA-26JAN24-T77;ask=1;ev=50.79
2026-01-23T18:08:59.967420-05:00,demo,2026-01-24,ny,KXHIGHNY,KXHIGHNY-26JAN24,20.4633,4.8357,0.0000,skip,confidence<0.5
2026-01-23T18:09:02.383764-05:00,demo,2026-01-24,il,KXHIGHCHI,KXHIGHCHI-26JAN24,8.8133,0.7876,1.0000,skip,no_qualifying_market;best=KXHIGHCHI-26JAN24-T16;ask=1;spr=0;qty=177;ev=-1.00;px=orderbook
2026-01-23T18:09:02.384946-05:00,demo,2026-01-24,tx,KXHIGHAUS,KXHIGHAUS-26JAN24,47.9467,11.5675,0.0000,skip,confidence<0.5
2026-01-23T18:09:04.680663-05:00,demo,2026-01-24,fl,KXHIGHMIA,KXHIGHMIA-26JAN24,75.5800,1.0786,1.0000,trade,ticker=KXHIGHMIA-26JAN24-T77;ask=1;ev=57.32
2026-01-23T18:14:41.859359-05:00,demo,2026-01-24,ny,KXHIGHNY,KXHIGHNY-26JAN24,20.0000,4.2640,0.0000,skip,confidence<0.5
2026-01-23T18:14:44.292965-05:00,demo,2026-01-24,il,KXHIGHCHI,KXHIGHCHI-26JAN24,8.9625,0.7294,1.0000,skip,no_qualifying_market;best=KXHIGHCHI-26JAN24-T16;ask=1;spr=0;qty=177;ev=-1.00;px=orderbook
2026-01-23T18:14:44.294302-05:00,demo,2026-01-24,tx,KXHIGHAUS,KXHIGHAUS-26JAN24,50.1425,10.7154,0.0000,skip,confidence<0.5
2026-01-23T18:14:46.298256-05:00,demo,2026-01-24,fl,KXHIGHMIA,KXHIGHMIA-26JAN24,75.8325,1.0314,1.0000,trade,ticker=KXHIGHMIA-26JAN24-T77;ask=1;ev=52.34
2026-01-23T18:15:31.930756-05:00,demo,2026-01-24,ny,KXHIGHNY,KXHIGHNY-26JAN24,20.0000,4.2640,0.0000,skip,confidence<0.5
2026-01-23T18:15:34.227393-05:00,demo,2026-01-24,il,KXHIGHCHI,KXHIGHCHI-26JAN24,8.9625,0.7294,1.0000,skip,no_qualifying_market;best=KXHIGHCHI-26JAN24-T16;ask=1;spr=0;qty=177;ev=-1.00;px=orderbook
2026-01-23T18:15:34.229779-05:00,demo,2026-01-24,tx,KXHIGHAUS,KXHIGHAUS-26JAN24,50.1425,10.7154,0.0000,skip,confidence<0.5
2026-01-23T18:15:36.354928-05:00,demo,2026-01-24,fl,KXHIGHMIA,KXHIGHMIA-26JAN24,75.8325,1.0314,1.0000,trade,ticker=KXHIGHMIA-26JAN24-T77;ask=1;ev=52.34
2026-01-23T18:21:31.974698-05:00,demo,2026-01-24,ny,KXHIGHNY,KXHIGHNY-26JAN24,19.8000,3.8348,0.0000,skip,confidence<0.5
2026-01-23T18:21:34.426483-05:00,demo,2026-01-24,il,KXHIGHCHI,KXHIGHCHI-26JAN24,9.1700,0.7732,1.0000,skip,no_qualifying_market;best=KXHIGHCHI-26JAN24-T16;ask=1;spr=0;qty=177;ev=-1.00;px=orderbook
2026-01-23T18:21:34.428348-05:00,demo,2026-01-24,tx,KXHIGHAUS,KXHIGHAUS-26JAN24,47.5140,10.9313,0.0000,skip,confidence<0.5
2026-01-23T18:21:36.538035-05:00,demo,2026-01-24,fl,KXHIGHMIA,KXHIGHMIA-26JAN24,76.2660,1.2660,1.0000,trade,ticker=KXHIGHMIA-26JAN24-T77;ask=1;ev=43.71
2026-01-23T18:41:57.849084-05:00,demo,2026-01-24,ny,KXHIGHNY,KXHIGHNY-26JAN24,20.2200,4.6595,0.0000,skip,confidence<0.5
2026-01-23T18:42:00.388258-05:00,demo,2026-01-24,il,KXHIGHCHI,KXHIGHCHI-26JAN24,9.1700,0.7732,1.0000,skip,no_qualifying_market;best=KXHIGHCHI-26JAN24-T16;ask=1;spr=0;qty=177;ev=-1.00;px=orderbook
2026-01-23T18:42:00.389011-05:00,demo,2026-01-24,tx,KXHIGHAUS,KXHIGHAUS-26JAN24,47.5140,10.9313,0.0000,skip,confidence<0.5
2026-01-23T18:42:02.463276-05:00,demo,2026-01-24,fl,KXHIGHMIA,KXHIGHMIA-26JAN24,76.3860,1.2635,1.0000,trade,ticker=KXHIGHMIA-26JAN24-T77;ask=1;ev=41.35
2026-01-23T18:55:04.522561-05:00,demo,2026-01-24,ny,KXHIGHNY,KXHIGHNY-26JAN24,19.9867,4.2854,0.0000,skip,confidence<0.5
2026-01-23T18:55:06.953978-05:00,demo,2026-01-24,il,KXHIGHCHI,KXHIGHCHI-26JAN24,9.5183,1.0511,1.0000,skip,no_qualifying_market;best=KXHIGHCHI-26JAN24-T16;ask=1;spr=0;qty=177;ev=-0.99;px=orderbook
2026-01-23T18:55:06.955461-05:00,demo,2026-01-24,tx,KXHIGHAUS,KXHIGHAUS-26JAN24,48.2617,10.1179,0.0000,skip,confidence<0.5
2026-01-23T18:55:09.212148-05:00,demo,2026-01-24,fl,KXHIGHMIA,KXHIGHMIA-26JAN24,76.4250,1.1567,1.0000,trade,ticker=KXHIGHMIA-26JAN24-T77;ask=1;ev=40.59
2026-01-23T19:15:46.294282-05:00,prod,2026-01-24,ny,KXHIGHNY,KXHIGHNY-26JAN24,19.8186,3.9898,0.0000,skip,confidence<0.5
2026-01-23T19:15:47.561313-05:00,prod,2026-01-24,il,KXHIGHCHI,KXHIGHCHI-26JAN24,9.5400,0.9910,1.0000,skip,no_qualifying_market;best=KXHIGHCHI-26JAN24-B13.5;ask=5;spr=1;qty=51;ev=-2.11;px=orderbook
2026-01-23T19:15:47.562375-05:00,prod,2026-01-24,tx,KXHIGHAUS,KXHIGHAUS-26JAN24,49.1500,9.4872,0.0000,skip,confidence<0.5
2026-01-23T19:15:49.154497-05:00,prod,2026-01-24,fl,KXHIGHMIA,KXHIGHMIA-26JAN24,76.5457,1.0962,1.0000,trade,ticker=KXHIGHMIA-26JAN24-T77;ask=4;ev=35.25
2026-01-23T19:55:11.209424-05:00,prod,2026-01-24,ny,KXHIGHNY,KXHIGHNY-26JAN24,19.8186,3.9898,0.0000,skip,confidence<0.5
2026-01-23T19:55:12.366179-05:00,prod,2026-01-24,il,KXHIGHCHI,KXHIGHCHI-26JAN24,9.5400,0.9910,1.0000,skip,no_qualifying_market;best=KXHIGHCHI-26JAN24-B15.5;ask=3;spr=1;qty=212;ev=-2.75;px=orderbook
2026-01-23T19:55:12.367682-05:00,prod,2026-01-24,tx,KXHIGHAUS,KXHIGHAUS-26JAN24,49.1500,9.4872,0.0000,skip,confidence<0.5
2026-01-23T19:55:13.539245-05:00,prod,2026-01-24,fl,KXHIGHMIA,KXHIGHMIA-26JAN24,76.5457,1.0962,1.0000,trade,ticker=KXHIGHMIA-26JAN24-T77;ask=5;ev=34.25
2026-01-23T20:14:59.964839-05:00,prod,2026-01-24,ny,KXHIGHNY,KXHIGHNY-26JAN24,19.6214,3.9428,0.0000,skip,confidence<0.5
2026-01-23T20:15:01.225855-05:00,prod,2026-01-24,il,KXHIGHCHI,KXHIGHCHI-26JAN24,9.4329,0.8261,1.0000,skip,no_qualifying_market;best=KXHIGHCHI-26JAN24-B15.5;ask=3;spr=1;qty=234;ev=-2.78;px=orderbook
2026-01-23T20:15:01.233688-05:00,prod,2026-01-24,tx,KXHIGHAUS,KXHIGHAUS-26JAN24,49.0371,9.4376,0.0000,skip,confidence<0.5
2026-01-23T20:15:02.486594-05:00,prod,2026-01-24,fl,KXHIGHMIA,KXHIGHMIA-26JAN24,76.7129,1.1565,1.0000,trade,low_ask_depth(4<25);ticker=KXHIGHMIA-26JAN24-T77;ask=4;ev=32.08
2026-01-23T20:57:34.492743-05:00,prod,2026-01-24,ny,KXHIGHNY,KXHIGHNY-26JAN24,19.8686,4.2314,0.0000,skip,confidence<0.5
2026-01-23T20:57:35.802817-05:00,prod,2026-01-24,il,KXHIGHCHI,KXHIGHCHI-26JAN24,9.5486,0.8374,1.0000,skip,no_qualifying_market;best=KXHIGHCHI-26JAN24-B15.5;ask=3;spr=1;qty=86;ev=-2.74;px=orderbook
2026-01-23T20:57:35.806941-05:00,prod,2026-01-24,tx,KXHIGHAUS,KXHIGHAUS-26JAN24,49.0843,9.7568,0.0000,skip,confidence<0.5
2026-01-23T20:57:35.808192-05:00,prod,2026-01-24,fl,KXHIGHMIA,KXHIGHMIA-26JAN24,,,,skip,already_traded
2026-01-23T21:10:08.352119-05:00,prod,2026-01-24,ny,KXHIGHNY,KXHIGHNY-26JAN24,19.8686,4.2314,0.0000,skip,confidence<0.5
2026-01-23T21:10:09.628143-05:00,prod,2026-01-24,il,KXHIGHCHI,KXHIGHCHI-26JAN24,9.5486,0.8374,1.0000,skip,no_qualifying_market;best=KXHIGHCHI-26JAN24-B15.5;ask=3;spr=1;qty=98;ev=-2.74;px=orderbook
2026-01-23T21:10:09.632798-05:00,prod,2026-01-24,tx,KXHIGHAUS,KXHIGHAUS-26JAN24,49.0843,9.7568,0.0000,skip,confidence<0.5
2026-01-23T21:10:09.634509-05:00,prod,2026-01-24,fl,KXHIGHMIA,KXHIGHMIA-26JAN24,,,,skip,already_traded
2026-01-23T21:15:44.302183-05:00,prod,2026-01-24,ny,KXHIGHNY,KXHIGHNY-26JAN24,20.0543,4.1619,0.0000,skip,confidence<0.5
2026-01-23T21:15:45.641302-05:00,prod,2026-01-24,il,KXHIGHCHI,KXHIGHCHI-26JAN24,9.5486,0.8374,1.0000,skip,no_qualifying_market;best=KXHIGHCHI-26JAN24-B15.5;ask=3;spr=1;qty=98;ev=-2.74;px=orderbook
2026-01-23T21:15:45.643321-05:00,prod,2026-01-24,tx,KXHIGHAUS,KXHIGHAUS-26JAN24,49.3143,9.8253,0.0000,skip,confidence<0.5
2026-01-23T21:15:46.977342-05:00,prod,2026-01-24,fl,KXHIGHMIA,KXHIGHMIA-26JAN24,76.6714,1.1574,1.0000,trade,ticker=KXHIGHMIA-26JAN24-T77;ask=6;ev=30.85
2026-01-23T21:16:13.785995-05:00,prod,2026-01-24,ny,KXHIGHNY,KXHIGHNY-26JAN24,20.0543,4.1619,0.0000,skip,confidence<0.5
2026-01-23T21:16:15.106461-05:00,prod,2026-01-24,il,KXHIGHCHI,KXHIGHCHI-26JAN24,9.5486,0.8374,1.0000,skip,no_qualifying_market;best=KXHIGHCHI-26JAN24-B15.5;ask=3;spr=1;qty=98;ev=-2.74;px=orderbook
2026-01-23T21:16:15.109990-05:00,prod,2026-01-24,tx,KXHIGHAUS,KXHIGHAUS-26JAN24,49.3143,9.8253,0.0000,skip,confidence<0.5
2026-01-23T21:16:15.110865-05:00,prod,2026-01-24,fl,KXHIGHMIA,KXHIGHMIA-26JAN24,,,,skip,already_traded
2026-01-23T21:55:57.182563-05:00,demo,2026-01-24,ny,KXHIGHNY,KXHIGHNY-26JAN24,20.0543,4.1619,0.0000,skip,confidence<0.5
2026-01-23T21:55:57.183369-05:00,demo,2026-01-24,il,KXHIGHCHI,KXHIGHCHI-26JAN24,9.5486,0.8374,1.0000,skip,insufficient_hourly_forecasts;n=1;need=6
2026-01-23T21:55:57.183452-05:00,demo,2026-01-24,tx,KXHIGHAUS,KXHIGHAUS-26JAN24,49.3143,9.8253,0.0000,skip,confidence<0.5
2026-01-23T21:55:57.183566-05:00,demo,2026-01-24,fl,KXHIGHMIA,KXHIGHMIA-26JAN24,76.6714,1.1574,1.0000,skip,insufficient_hourly_forecasts;n=1;need=6
2026-01-23T22:02:21.480199-05:00,prod,2026-01-24,ny,KXHIGHNY,KXHIGHNY-26JAN24,20.0543,4.1619,0.0000,skip,confidence<0.5
2026-01-23T22:02:21.481801-05:00,prod,2026-01-24,il,KXHIGHCHI,KXHIGHCHI-26JAN24,9.5500,0.8368,1.0000,skip,insufficient_hourly_forecasts;n=1;need=6
2026-01-23T22:02:21.482737-05:00,prod,2026-01-24,tx,KXHIGHAUS,KXHIGHAUS-26JAN24,49.2457,9.8930,0.0000,skip,confidence<0.5
2026-01-23T22:02:21.483224-05:00,prod,2026-01-24,fl,KXHIGHMIA,KXHIGHMIA-26JAN24,,,,skip,already_traded
2026-01-23T22:15:58.009792-05:00,prod,2026-01-24,ny,KXHIGHNY,KXHIGHNY-26JAN24,20.2829,4.1037,0.0000,skip,confidence<0.5
2026-01-23T22:15:58.011406-05:00,prod,2026-01-24,il,KXHIGHCHI,KXHIGHCHI-26JAN24,9.6214,0.6830,1.0000,skip,insufficient_hourly_forecasts;n=1;need=6
2026-01-23T22:15:58.011983-05:00,prod,2026-01-24,tx,KXHIGHAUS,KXHIGHAUS-26JAN24,49.2114,9.5772,0.0000,skip,confidence<0.5
2026-01-23T22:15:58.012482-05:00,prod,2026-01-24,fl,KXHIGHMIA,KXHIGHMIA-26JAN24,,,,skip,already_traded
2026-01-24T09:33:53.071956-05:00,prod,2026-01-24,ny,KXHIGHNY,KXHIGHNY-26JAN24,20.2829,4.1037,0.0000,skip,confidence<0.5
2026-01-24T09:33:53.073266-05:00,prod,2026-01-24,il,KXHIGHCHI,KXHIGHCHI-26JAN24,9.6214,0.6830,1.0000,skip,insufficient_hourly_forecasts;n=1;need=6
2026-01-24T09:33:53.073462-05:00,prod,2026-01-24,tx,KXHIGHAUS,KXHIGHAUS-26JAN24,49.2114,9.5772,0.0000,skip,confidence<0.5
2026-01-24T09:33:53.073924-05:00,prod,2026-01-24,fl,KXHIGHMIA,KXHIGHMIA-26JAN24,77.0771,0.5865,1.0000,skip,insufficient_hourly_forecasts;n=1;need=6
2026-01-24T09:45:53.646414-05:00,prod,2026-01-24,ny,KXHIGHNY,KXHIGHNY-26JAN24,20.4586,4.0129,0.0000,skip,confidence<0.5
2026-01-24T09:45:53.647574-05:00,prod,2026-01-24,il,KXHIGHCHI,KXHIGHCHI-26JAN24,10.1971,1.5919,0.9387,skip,insufficient_hourly_forecasts;n=1;need=6
2026-01-24T09:45:53.647779-05:00,prod,2026-01-24,tx,KXHIGHAUS,KXHIGHAUS-26JAN24,44.9671,10.1923,0.0000,skip,confidence<0.5
2026-01-24T09:45:53.648200-05:00,prod,2026-01-24,fl,KXHIGHMIA,KXHIGHMIA-26JAN24,77.7186,0.9605,1.0000,skip,insufficient_hourly_forecasts;n=1;need=6
2026-01-24T10:01:27.618730-05:00,prod,2026-01-24,ny,KXHIGHNY,KXHIGHNY-26JAN24,20.4586,4.0129,0.0000,skip,confidence<0.5
2026-01-24T10:01:27.620333-05:00,prod,2026-01-24,il,KXHIGHCHI,KXHIGHCHI-26JAN24,10.1971,1.5919,0.9387,skip,insufficient_hourly_forecasts;n=1;need=6
2026-01-24T10:01:27.620439-05:00,prod,2026-01-24,tx,KXHIGHAUS,KXHIGHAUS-26JAN24,44.9671,10.1923,0.0000,skip,confidence<0.5
2026-01-24T10:01:27.620777-05:00,prod,2026-01-24,fl,KXHIGHMIA,KXHIGHMIA-26JAN24,77.7186,0.9605,1.0000,skip,insufficient_hourly_forecasts;n=1;need=6
2026-01-24T10:12:14.491815-05:00,prod,2026-01-24,ny,KXHIGHNY,KXHIGHNY-26JAN24,20.1463,3.8436,0.0000,skip,confidence<0.5
2026-01-24T10:12:14.493046-05:00,prod,2026-01-24,il,KXHIGHCHI,KXHIGHCHI-26JAN24,9.9300,1.6483,0.9011,skip,insufficient_hourly_forecasts;n=1;need=6
2026-01-24T10:12:14.493142-05:00,prod,2026-01-24,tx,KXHIGHAUS,KXHIGHAUS-26JAN24,43.8637,9.9710,0.0000,skip,confidence<0.5
2026-01-24T10:12:14.493487-05:00,prod,2026-01-24,fl,KXHIGHMIA,KXHIGHMIA-26JAN24,78.1013,1.3537,1.0000,skip,insufficient_hourly_forecasts;n=1;need=6
2026-01-24T10:39:11.102656-05:00,prod,2026-01-24,ny,KXHIGHNY,KXHIGHNY-26JAN24,20.2000,3.8241,0.0000,skip,confidence<0.5
2026-01-24T10:39:11.963312-05:00,prod,2026-01-24,il,KXHIGHCHI,KXHIGHCHI-26JAN24,9.5562,1.8784,0.7477,skip,no_qualifying_market;best=KXHIGHCHI-26JAN24-B15.5;ask=1;spr=0;qty=2941;ev=-0.84;px=orderbook
2026-01-24T10:39:11.963838-05:00,prod,2026-01-24,tx,KXHIGHAUS,KXHIGHAUS-26JAN24,43.8137,10.0078,0.0000,skip,confidence<0.5
2026-01-24T10:39:11.964014-05:00,prod,2026-01-24,fl,KXHIGHMIA,KXHIGHMIA-26JAN24,,,,note,already_traded_live
2026-01-24T10:39:12.802945-05:00,prod,2026-01-24,fl,KXHIGHMIA,KXHIGHMIA-26JAN24,78.2888,1.2759,1.0000,trade,intraday_soft;intraday_missing;size_scale=0.2500;ticker=KXHIGHMIA-26JAN24-T77;ask=1;ev=17.66
2026-01-24T11:02:16.253184-05:00,prod,2026-01-24,ny,KXHIGHNY,KXHIGHNY-26JAN24,20.1250,3.8234,0.0000,skip,confidence<0.5
2026-01-24T11:02:17.174256-05:00,prod,2026-01-24,il,KXHIGHCHI,KXHIGHCHI-26JAN24,9.5562,1.8784,0.7477,trade,low_ask_depth(13<25);intraday_soft;intraday_missing;mode=closest;p=0.210;ev=-47.02;size_scale=0.1554;ticker=KXHIGHCHI-26JAN24-B9.5;ask=68;ev=-47.02
2026-01-24T11:02:17.178569-05:00,prod,2026-01-24,tx,KXHIGHAUS,KXHIGHAUS-26JAN24,43.8137,10.0078,0.0000,skip,confidence<0.5
2026-01-24T11:02:17.181322-05:00,prod,2026-01-24,fl,KXHIGHMIA,KXHIGHMIA-26JAN24,,,,note,already_traded_live
2026-01-24T11:02:18.158799-05:00,prod,2026-01-24,fl,KXHIGHMIA,KXHIGHMIA-26JAN24,78.2888,1.2759,1.0000,trade,intraday_soft;intraday_missing;mode=closest;p=0.147;ev=13.72;size_scale=0.2454;ticker=KXHIGHMIA-26JAN24-B77.5;ask=1;ev=13.72
2026-01-24T11:02:52.366883-05:00,prod,2026-01-24,ny,KXHIGHNY,KXHIGHNY-26JAN24,20.1250,3.8234,0.0000,skip,confidence<0.5
2026-01-24T11:02:53.245679-05:00,prod,2026-01-24,il,KXHIGHCHI,KXHIGHCHI-26JAN24,9.5562,1.8784,0.7477,trade,low_ask_depth(12<25);intraday_soft;intraday_missing;mode=closest;p=0.210;ev=-46.02;size_scale=0.1554;ticker=KXHIGHCHI-26JAN24-B9.5;ask=67;ev=-46.02
2026-01-24T11:02:53.250236-05:00,prod,2026-01-24,tx,KXHIGHAUS,KXHIGHAUS-26JAN24,43.8137,10.0078,0.0000,skip,confidence<0.5
2026-01-24T11:02:53.252025-05:00,prod,2026-01-24,fl,KXHIGHMIA,KXHIGHMIA-26JAN24,,,,note,already_traded_live
2026-01-24T11:02:54.263075-05:00,prod,2026-01-24,fl,KXHIGHMIA,KXHIGHMIA-26JAN24,78.2888,1.2759,1.0000,trade,intraday_soft;intraday_missing;mode=closest;p=0.147;ev=13.72;size_scale=0.2454;ticker=KXHIGHMIA-26JAN24-B77.5;ask=1;ev=13.72
2026-01-24T11:04:33.497692-05:00,prod,2026-01-24,ny,KXHIGHNY,KXHIGHNY-26JAN24,20.1250,3.8234,0.0000,skip,confidence<0.5
2026-01-24T11:04:34.495126-05:00,prod,2026-01-24,il,KXHIGHCHI,KXHIGHCHI-26JAN24,9.5562,1.8784,0.7477,trade,low_ask_depth(12<25);intraday_soft;intraday_missing;mode=closest;p=0.124;ev=-4.56;size_scale=0.1289;ticker=KXHIGHCHI-26JAN24-B11.5;ask=17;ev=-4.56
2026-01-24T11:04:34.737706-05:00,prod,2026-01-24,tx,KXHIGHAUS,KXHIGHAUS-26JAN24,43.8137,10.0078,0.0000,skip,confidence<0.5
2026-01-24T11:04:34.739255-05:00,prod,2026-01-24,fl,KXHIGHMIA,KXHIGHMIA-26JAN24,,,,skip,already_traded_live
2026-01-24T11:18:37.660989-05:00,prod,2026-01-24,ny,KXHIGHNY,KXHIGHNY-26JAN24,20.0800,3.8506,0.0000,skip,confidence<0.5
2026-01-24T11:18:37.662024-05:00,prod,2026-01-24,il,KXHIGHCHI,KXHIGHCHI-26JAN24,,,,skip,already_traded_live
2026-01-24T11:18:37.663254-05:00,prod,2026-01-24,tx,KXHIGHAUS,KXHIGHAUS-26JAN24,43.7913,10.0252,0.0000,skip,confidence<0.5
2026-01-24T11:18:37.663981-05:00,prod,2026-01-24,fl,KXHIGHMIA,KXHIGHMIA-26JAN24,,,,skip,already_traded_live
2026-01-24T11:22:38.313354-05:00,prod,2026-01-24,ny,KXHIGHNY,KXHIGHNY-26JAN24,20.0800,3.8506,0.0000,skip,confidence<0.5
2026-01-24T11:22:39.499384-05:00,prod,2026-01-24,il,KXHIGHCHI,KXHIGHCHI-26JAN24,9.5562,1.8784,0.7477,trade,low_ask_depth(3<25);intraday_soft;intraday_missing;mode=forecast_bucket;p=0.210;market_p=0.730;ticker=KXHIGHCHI-26JAN24-B9.5;ask=73
2026-01-24T11:22:40.872765-05:00,prod,2026-01-24,tx,KXHIGHAUS,KXHIGHAUS-26JAN24,43.7913,10.0252,0.0000,skip,confidence<0.5
2026-01-24T11:22:40.873963-05:00,prod,2026-01-24,fl,KXHIGHMIA,KXHIGHMIA-26JAN24,,,,skip,already_traded_live
2026-01-24T11:24:16.750239-05:00,prod,2026-01-25,ny,KXHIGHNY,KXHIGHNY-26JAN25,23.0500,3.7875,0.0000,skip,confidence<0.5
2026-01-24T11:24:16.751183-05:00,prod,2026-01-25,il,KXHIGHCHI,KXHIGHCHI-26JAN25,17.1625,2.4878,0.3415,skip,confidence<0.5
2026-01-24T11:24:17.947521-05:00,prod,2026-01-25,tx,KXHIGHAUS,KXHIGHAUS-26JAN25,29.0512,1.4797,1.0000,trade,intraday_soft;insufficient_intraday;n=2;need=4;mode=forecast_bucket;p=0.247;market_p=0.140;ticker=KXHIGHAUS-26JAN25-B28.5;ask=14
2026-01-24T11:24:19.075992-05:00,prod,2026-01-25,fl,KXHIGHMIA,KXHIGHMIA-26JAN25,77.2812,2.0732,0.6178,trade,intraday_soft;insufficient_intraday;n=2;need=4;mode=forecast_bucket;p=0.456;market_p=0.020;ticker=KXHIGHMIA-26JAN25-T78;ask=2
2026-01-24T12:04:56.999578-05:00,prod,2026-01-25,ny,KXHIGHNY,KXHIGHNY-26JAN25,23.0613,3.7980,0.0000,skip,confidence<0.5
2026-01-24T12:04:57.004024-05:00,prod,2026-01-25,il,KXHIGHCHI,KXHIGHCHI-26JAN25,17.3475,2.4799,0.3467,skip,confidence<0.5
2026-01-24T12:04:57.380515-05:00,prod,2026-01-25,tx,KXHIGHAUS,KXHIGHAUS-26JAN25,29.4550,1.5318,0.9788,trade,intraday_soft;insufficient_intraday;n=2;need=4;mode=forecast_bucket;p=0.212;market_p=0.170;ticker=KXHIGHAUS-26JAN25-B28.5;ask=17
2026-01-24T12:04:57.813159-05:00,prod,2026-01-25,fl,KXHIGHMIA,KXHIGHMIA-26JAN25,77.2737,2.0707,0.6195,trade,intraday_soft;insufficient_intraday;n=2;need=4;mode=forecast_bucket;p=0.458;market_p=0.040;ticker=KXHIGHMIA-26JAN25-T78;ask=4
2026-01-24T12:05:19.149983-05:00,prod,2026-01-24,ny,KXHIGHNY,KXHIGHNY-26JAN24,20.0950,3.8734,0.0000,skip,confidence<0.5
2026-01-24T12:05:19.151521-05:00,prod,2026-01-24,il,KXHIGHCHI,KXHIGHCHI-26JAN24,,,,note,already_traded_live
2026-01-24T12:05:19.547785-05:00,prod,2026-01-24,il,KXHIGHCHI,KXHIGHCHI-26JAN24,9.4563,1.8383,0.7744,trade,intraday_soft;intraday_missing;mode=forecast_bucket;p=0.214;market_p=0.570;ticker=KXHIGHCHI-26JAN24-B9.5;ask=57
2026-01-24T12:05:19.551848-05:00,prod,2026-01-24,tx,KXHIGHAUS,KXHIGHAUS-26JAN24,43.4425,10.2636,0.0000,skip,confidence<0.5
2026-01-24T12:05:19.553316-05:00,prod,2026-01-24,fl,KXHIGHMIA,KXHIGHMIA-26JAN24,,,,note,already_traded_live
2026-01-24T12:05:19.948926-05:00,prod,2026-01-24,fl,KXHIGHMIA,KXHIGHMIA-26JAN24,78.8900,1.5851,0.9433,trade,intraday_soft;intraday_missing;mode=forecast_bucket;p=0.150;market_p=0.010;ticker=KXHIGHMIA-26JAN24-B79.5;ask=1
2026-01-24T12:14:21.730770-05:00,prod,2026-01-25,ny,KXHIGHNY,KXHIGHNY-26JAN25,23.0613,3.7980,0.0000,skip,confidence<0.5
2026-01-24T12:14:21.731592-05:00,prod,2026-01-25,il,KXHIGHCHI,KXHIGHCHI-26JAN25,17.3475,2.4799,0.3467,skip,confidence<0.5
2026-01-24T12:14:22.087728-05:00,prod,2026-01-25,tx,KXHIGHAUS,KXHIGHAUS-26JAN25,29.4550,1.5318,0.9788,trade,intraday_soft;insufficient_intraday;n=2;need=4;mode=forecast_bucket;p=0.212;market_p=0.160;ticker=KXHIGHAUS-26JAN25-B28.5;ask=16
2026-01-24T12:14:22.448782-05:00,prod,2026-01-25,fl,KXHIGHMIA,KXHIGHMIA-26JAN25,77.2737,2.0707,0.6195,trade,intraday_soft;insufficient_intraday;n=2;need=4;mode=forecast_bucket;p=0.458;market_p=0.040;ticker=KXHIGHMIA-26JAN25-T78;ask=4
2026-01-24T12:27:35.554486-05:00,prod,2026-01-25,ny,KXHIGHNY,KXHIGHNY-26JAN25,23.1962,3.5690,0.0000,skip,confidence<0.5
2026-01-24T12:27:35.918763-05:00,prod,2026-01-25,il,KXHIGHCHI,KXHIGHCHI-26JAN25,17.4825,2.1325,0.5783,trade,low_ask_depth(7<25);intraday_soft;insufficient_intraday;n=2;need=4;mode=forecast_bucket;p=0.167;market_p=0.250;ticker=KXHIGHCHI-26JAN25-B16.5;ask=25
2026-01-24T12:27:36.288525-05:00,prod,2026-01-25,tx,KXHIGHAUS,KXHIGHAUS-26JAN25,29.4100,1.5251,0.9833,trade,intraday_soft;insufficient_intraday;n=2;need=4;mode=forecast_bucket;p=0.216;market_p=0.150;ticker=KXHIGHAUS-26JAN25-B28.5;ask=15
2026-01-24T12:27:36.293596-05:00,prod,2026-01-25,fl,KXHIGHMIA,KXHIGHMIA-26JAN25,77.4537,2.2789,0.4807,skip,confidence<0.5
2026-01-24T12:30:20.668994-05:00,prod,2026-01-25,ny,KXHIGHNY,KXHIGHNY-26JAN25,23.1962,3.5690,0.0000,skip,confidence<0.5
2026-01-24T12:30:21.040958-05:00,prod,2026-01-25,il,KXHIGHCHI,KXHIGHCHI-26JAN25,17.4825,2.1325,0.5783,trade,low_ask_depth(7<25);intraday_soft;insufficient_intraday;n=2;need=4;mode=forecast_bucket;p=0.167;market_p=0.250;ticker=KXHIGHCHI-26JAN25-B16.5;ask=25
2026-01-24T12:30:21.420978-05:00,prod,2026-01-25,tx,KXHIGHAUS,KXHIGHAUS-26JAN25,29.3725,1.5237,0.9842,trade,intraday_soft;insufficient_intraday;n=2;need=4;mode=forecast_bucket;p=0.220;market_p=0.150;ticker=KXHIGHAUS-26JAN25-B28.5;ask=15
2026-01-24T12:30:21.426395-05:00,prod,2026-01-25,fl,KXHIGHMIA,KXHIGHMIA-26JAN25,77.4537,2.2789,0.4807,skip,confidence<0.5
2026-01-24T13:08:45.972448-05:00,prod,2026-01-24,ny,KXHIGHNY,KXHIGHNY-26JAN24,20.0288,3.8734,0.0000,skip,confidence<0.5
2026-01-24T13:08:45.973120-05:00,prod,2026-01-24,il,KXHIGHCHI,KXHIGHCHI-26JAN24,,,,note,already_traded_live
2026-01-24T13:08:46.432977-05:00,prod,2026-01-24,il,KXHIGHCHI,KXHIGHCHI-26JAN24,9.4575,1.8367,0.7755,trade,low_ask_depth(8<25);intraday_soft;intraday_missing;mode=forecast_bucket;p=0.214;market_p=0.290;ticker=KXHIGHCHI-26JAN24-B9.5;ask=29
2026-01-24T13:08:46.439015-05:00,prod,2026-01-24,tx,KXHIGHAUS,KXHIGHAUS-26JAN24,43.3188,10.3582,0.0000,skip,confidence<0.5
2026-01-24T13:08:46.439989-05:00,prod,2026-01-24,fl,KXHIGHMIA,KXHIGHMIA-26JAN24,,,,note,already_traded_live
2026-01-24T13:08:46.907941-05:00,prod,2026-01-24,fl,KXHIGHMIA,KXHIGHMIA-26JAN24,78.6325,1.6038,0.9308,trade,intraday_soft;intraday_missing;mode=forecast_bucket;p=0.146;market_p=0.010;ticker=KXHIGHMIA-26JAN24-B79.5;ask=1
2026-01-24T20:50:25.816274-05:00,prod,2026-01-25,ny,KXHIGHNY,KXHIGHNY-26JAN25,25.4025,3.3924,0.0000,skip,confidence<0.5
2026-01-24T20:50:26.245605-05:00,prod,2026-01-25,il,KXHIGHCHI,KXHIGHCHI-26JAN25,18.3900,1.3636,1.0000,trade,"intraday_soft;non_monotonic;means=18.38,18.38,18.13,18.39;mode=forecast_bucket;p=0.285;market_p=0.320;ticker=KXHIGHCHI-26JAN25-B18.5;ask=32"
2026-01-24T20:50:26.250699-05:00,prod,2026-01-25,tx,KXHIGHAUS,KXHIGHAUS-26JAN25,30.8950,3.7744,0.0000,skip,confidence<0.5
2026-01-24T20:50:26.667915-05:00,prod,2026-01-25,fl,KXHIGHMIA,KXHIGHMIA-26JAN25,76.5300,1.3644,1.0000,trade,"intraday_ok;ok;trend=increasing;means=76.16,76.16,76.30,76.53;sigma=1.3644;mode=forecast_bucket;p=0.573;market_p=0.040;ticker=KXHIGHMIA-26JAN25-T78;ask=4"
2026-01-24T20:53:04.023489-05:00,prod,2026-01-25,ny,KXHIGHNY,KXHIGHNY-26JAN25,25.4025,3.3924,0.0000,skip,confidence<0.5
2026-01-24T20:53:04.508049-05:00,prod,2026-01-25,il,KXHIGHCHI,KXHIGHCHI-26JAN25,18.3900,1.3636,1.0000,trade,"intraday_soft;non_monotonic;means=18.38,18.13,18.39,18.39;mode=forecast_bucket;p=0.285;market_p=0.310;ticker=KXHIGHCHI-26JAN25-B18.5;ask=31"
2026-01-24T20:53:04.519791-05:00,prod,2026-01-25,tx,KXHIGHAUS,KXHIGHAUS-26JAN25,30.8950,3.7744,0.0000,skip,confidence<0.5
2026-01-24T20:53:04.950021-05:00,prod,2026-01-25,fl,KXHIGHMIA,KXHIGHMIA-26JAN25,76.5300,1.3644,1.0000,trade,"intraday_ok;ok;trend=increasing;means=76.16,76.30,76.53,76.53;sigma=1.3644;mode=forecast_bucket;p=0.573;market_p=0.040;ticker=KXHIGHMIA-26JAN25-T78;ask=4"
2026-01-24T22:41:07.085406-05:00,prod,2026-01-25,ny,KXHIGHNY,KXHIGHNY-26JAN25,26.0625,2.9176,0.0549,skip,confidence<0.5
2026-01-24T22:41:07.453837-05:00,prod,2026-01-25,il,KXHIGHCHI,KXHIGHCHI-26JAN25,17.7975,1.3260,1.0000,trade,"intraday_ok;ok;trend=increasing;means=17.70,17.80,17.80,17.80;sigma=1.3260;mode=forecast_bucket;p=0.257;market_p=0.300;ticker=KXHIGHCHI-26JAN25-B18.5;ask=30"
2026-01-24T22:41:07.840848-05:00,prod,2026-01-25,tx,KXHIGHAUS,KXHIGHAUS-26JAN25,30.2537,3.2205,0.0000,skip,confidence<0.5
2026-01-24T22:41:08.227881-05:00,prod,2026-01-25,fl,KXHIGHMIA,KXHIGHMIA-26JAN25,78.4875,1.8760,0.7493,trade,"low_ask_depth(17<25);intraday_ok;ok;trend=increasing;means=78.19,78.47,78.47,78.49;sigma=1.8760;mode=forecast_bucket;p=0.154;market_p=0.070;ticker=KXHIGHMIA-26JAN25-B78.5;ask=7"
2026-01-25T19:26:58.505544-05:00,prod,2026-01-26,ny,KXHIGHNY,KXHIGHNY-26JAN26,28.1650,1.0964,1.0000,trade,"intraday_ok;ok;trend=decreasing;means=29.43,28.20,28.20,28.16;sigma=1.0964;mode=forecast_bucket;p=0.144;market_p=0.340;ticker=KXHIGHNY-26JAN26-B27.5;ask=34"
2026-01-25T19:26:58.931531-05:00,prod,2026-01-26,il,KXHIGHCHI,KXHIGHCHI-26JAN26,8.3105,2.1863,0.5425,trade,"low_ask_depth(13<25);intraday_ok;ok;trend=decreasing;means=9.47,8.43,8.43,8.31;sigma=2.1863;mode=forecast_bucket;p=0.169;market_p=0.260;ticker=KXHIGHCHI-26JAN26-B7.5;ask=26"
2026-01-25T19:26:58.936245-05:00,prod,2026-01-26,tx,KXHIGHAUS,KXHIGHAUS-26JAN26,33.2208,2.8976,0.0682,skip,confidence<0.5
2026-01-25T19:26:58.936956-05:00,prod,2026-01-26,fl,KXHIGHMIA,KXHIGHMIA-26JAN26,82.9447,2.2563,0.4958,skip,confidence<0.5
2026-01-25T20:23:19.296706-05:00,prod,2026-01-26,ny,KXHIGHNY,KXHIGHNY-26JAN26,28.1650,1.0964,1.0000,trade,"intraday_ok;ok;trend=decreasing;means=28.20,28.16,28.16,28.16;sigma=1.0964;mode=forecast_bucket;p=0.144;market_p=0.320;ticker=KXHIGHNY-26JAN26-B27.5;ask=32"
2026-01-25T20:23:19.618578-05:00,prod,2026-01-26,il,KXHIGHCHI,KXHIGHCHI-26JAN26,8.3105,2.1863,0.5425,trade,"intraday_ok;ok;trend=decreasing;means=8.43,8.31,8.31,8.31;sigma=2.1863;mode=forecast_bucket;p=0.169;market_p=0.260;ticker=KXHIGHCHI-26JAN26-B7.5;ask=26"
2026-01-25T20:23:19.621470-05:00,prod,2026-01-26,tx,KXHIGHAUS,KXHIGHAUS-26JAN26,33.2208,2.8976,0.0682,skip,confidence<0.5
2026-01-25T20:23:19.622661-05:00,prod,2026-01-26,fl,KXHIGHMIA,KXHIGHMIA-26JAN26,82.9447,2.2563,0.4958,skip,confidence<0.5
